BB1,BB2,BB3,sel_count_rep1,sel_count_rep2,ctrl_count
BB1_004,BB2_004,BB3_006,0,0,0
BB1_010,BB2_012,BB3_001,1,1,0
BB1_003,BB2_002,BB3_011,4,7,2
BB1_004,BB2_004,BB3_008,3,1,1
BB1_008,BB2_010,BB3_005,5,2,2
BB1_008,BB2_009,BB3_011,0,1,0
BB1_003,BB2_007,BB3_012,7,2,1
BB1_004,BB2_010,BB3_007,3,4,13
BB1_007,BB2_010,BB3_008,1,0,1
BB1_010,BB2_007,BB3_003,3,4,4
BB1_002,BB2_003,BB3_002,2,0,2
BB1_007,BB2_008,BB3_006,1,7,3
BB1_005,BB2_001,BB3_009,9,6,0
BB1_004,BB2_006,BB3_009,0,0,1
BB1_009,BB2_001,BB3_005,2,4,0
BB1_010,BB2_009,BB3_011,1,0,2
BB1_007,BB2_010,BB3_004,1,0,4
BB1_003,BB2_010,BB3_007,2,3,2
BB1_005,BB2_007,BB3_008,0,0,0
BB1_003,BB2_001,BB3_008,20,8,5
BB1_010,BB2_003,BB3_006,0,5,2
BB1_007,BB2_011,BB3_005,3,0,7
BB1_007,BB2_006,BB3_003,0,1,0
BB1_007,BB2_006,BB3_005,5,4,2
BB1_001,BB2_002,BB3_007,2,0,0
BB1_007,BB2_002,BB3_008,3,2,0
BB1_004,BB2_004,BB3_011,2,3,2
BB1_004,BB2_009,BB3_002,0,5,0
BB1_010,BB2_010,BB3_008,0,0,0
BB1_008,BB2_004,BB3_012,0,3,0
BB1_003,BB2_008,BB3_004,0,1,0
BB1_008,BB2_008,BB3_012,2,1,1
BB1_003,BB2_003,BB3_010,0,0,7
BB1_010,BB2_011,BB3_003,3,0,1
BB1_007,BB2_007,BB3_002,1,2,0
BB1_005,BB2_006,BB3_004,18,23,1
BB1_007,BB2_006,BB3_012,6,2,3
BB1_003,BB2_005,BB3_008,1,2,0
BB1_009,BB2_002,BB3_002,1,1,0
BB1_009,BB2_003,BB3_007,2,2,2
BB1_001,BB2_001,BB3_009,44,4,1
BB1_003,BB2_011,BB3_001,8,1,0
BB1_007,BB2_001,BB3_010,2,1,2
BB1_007,BB2_003,BB3_003,1,2,2
BB1_002,BB2_002,BB3_011,0,0,1
BB1_003,BB2_010,BB3_003,0,2,1
BB1_007,BB2_001,BB3_006,2,2,2
BB1_008,BB2_010,BB3_007,1,1,3
BB1_008,BB2_007,BB3_011,3,2,1
BB1_007,BB2_011,BB3_011,1,5,6
BB1_006,BB2_008,BB3_002,18,7,0
BB1_004,BB2_007,BB3_009,27,12,8
BB1_010,BB2_011,BB3_001,0,0,0
BB1_003,BB2_007,BB3_010,0,1,4
BB1_007,BB2_009,BB3_005,0,0,0
BB1_010,BB2_004,BB3_001,2,2,1
BB1_009,BB2_008,BB3_011,3,0,3
BB1_005,BB2_001,BB3_004,8,1,0
BB1_002,BB2_004,BB3_006,1,2,2
BB1_009,BB2_001,BB3_012,1,2,4
BB1_001,BB2_001,BB3_008,94,51,3
BB1_003,BB2_009,BB3_004,0,0,2
BB1_006,BB2_005,BB3_007,7,0,0
BB1_007,BB2_005,BB3_012,3,13,3
BB1_004,BB2_012,BB3_006,0,0,1
BB1_009,BB2_007,BB3_003,3,6,8
BB1_005,BB2_003,BB3_012,10,16,1
BB1_008,BB2_009,BB3_005,0,1,1
BB1_008,BB2_008,BB3_003,1,0,3
BB1_009,BB2_009,BB3_004,4,2,4
BB1_001,BB2_005,BB3_009,6,1,0
BB1_009,BB2_009,BB3_005,0,0,1
BB1_001,BB2_011,BB3_012,5,1,2
BB1_006,BB2_006,BB3_007,4,9,2
BB1_005,BB2_005,BB3_011,0,0,0
BB1_002,BB2_006,BB3_006,0,1,1
BB1_001,BB2_008,BB3_005,3,5,4
BB1_001,BB2_003,BB3_011,20,104,3
BB1_001,BB2_008,BB3_011,1,12,3
BB1_003,BB2_001,BB3_007,2,0,0
BB1_006,BB2_007,BB3_003,47,24,4
BB1_010,BB2_010,BB3_006,1,0,1
BB1_008,BB2_005,BB3_004,4,4,1
BB1_009,BB2_007,BB3_011,2,0,0
BB1_005,BB2_001,BB3_007,18,21,2
BB1_002,BB2_006,BB3_011,3,0,0
BB1_006,BB2_007,BB3_002,21,21,9
BB1_006,BB2_008,BB3_003,53,20,3
BB1_010,BB2_008,BB3_010,2,4,0
BB1_008,BB2_004,BB3_002,2,6,4
BB1_004,BB2_001,BB3_006,14,17,0
BB1_008,BB2_012,BB3_004,1,6,2
BB1_001,BB2_012,BB3_003,72,20,1
BB1_002,BB2_007,BB3_002,0,0,1
BB1_002,BB2_011,BB3_011,6,1,4
BB1_006,BB2_004,BB3_006,1,0,0
BB1_010,BB2_007,BB3_009,0,1,1
BB1_001,BB2_008,BB3_008,3,4,1
BB1_010,BB2_011,BB3_010,6,0,2
BB1_006,BB2_004,BB3_011,1,2,1
BB1_010,BB2_004,BB3_011,2,1,0
BB1_008,BB2_009,BB3_002,1,2,1
BB1_008,BB2_004,BB3_009,0,0,0
BB1_003,BB2_007,BB3_008,0,0,5
BB1_007,BB2_010,BB3_002,0,1,1
BB1_003,BB2_012,BB3_001,0,2,0
BB1_007,BB2_007,BB3_011,3,0,0
BB1_001,BB2_010,BB3_008,3,6,1
BB1_009,BB2_012,BB3_004,1,2,1
BB1_005,BB2_010,BB3_008,7,6,2
BB1_006,BB2_002,BB3_009,7,24,2
BB1_008,BB2_004,BB3_004,6,1,2
BB1_001,BB2_004,BB3_006,4,1,12
BB1_006,BB2_005,BB3_011,2,0,1
BB1_010,BB2_003,BB3_005,1,1,4
BB1_007,BB2_001,BB3_011,3,2,1
BB1_003,BB2_004,BB3_006,1,1,0
BB1_005,BB2_011,BB3_010,5,2,3
BB1_010,BB2_006,BB3_011,20,4,2
BB1_009,BB2_008,BB3_006,3,2,3
BB1_008,BB2_007,BB3_007,5,2,12
BB1_007,BB2_003,BB3_001,0,4,1
BB1_010,BB2_011,BB3_007,5,12,7
BB1_010,BB2_005,BB3_006,1,2,1
BB1_001,BB2_011,BB3_004,40,24,0
BB1_006,BB2_008,BB3_001,13,8,1
BB1_003,BB2_007,BB3_009,3,1,2
BB1_001,BB2_001,BB3_011,7,5,0
BB1_004,BB2_005,BB3_003,2,1,0
BB1_009,BB2_012,BB3_003,0,1,0
BB1_008,BB2_010,BB3_012,4,11,2
BB1_004,BB2_002,BB3_010,4,56,1
BB1_004,BB2_001,BB3_008,7,7,2
BB1_009,BB2_010,BB3_006,1,0,0
BB1_004,BB2_009,BB3_011,13,8,0
BB1_006,BB2_012,BB3_005,3,6,3
BB1_004,BB2_010,BB3_004,16,10,0
BB1_010,BB2_001,BB3_010,2,1,0
BB1_009,BB2_009,BB3_006,2,0,5
BB1_002,BB2_010,BB3_004,2,0,1
BB1_002,BB2_001,BB3_006,1,0,1
BB1_005,BB2_001,BB3_010,3,2,0
BB1_008,BB2_007,BB3_006,2,0,2
BB1_004,BB2_003,BB3_007,14,34,5
BB1_010,BB2_005,BB3_010,1,0,1
BB1_006,BB2_007,BB3_004,85,65,12
BB1_004,BB2_010,BB3_005,5,1,4
BB1_005,BB2_012,BB3_003,17,17,1
BB1_008,BB2_003,BB3_012,2,1,2
BB1_001,BB2_006,BB3_010,2,3,1
BB1_002,BB2_012,BB3_009,2,4,1
BB1_010,BB2_004,BB3_004,0,3,2
BB1_003,BB2_002,BB3_012,2,0,1
BB1_009,BB2_001,BB3_011,1,4,0
BB1_010,BB2_010,BB3_004,6,7,6
BB1_007,BB2_008,BB3_007,0,3,1
BB1_008,BB2_012,BB3_012,3,1,3
BB1_010,BB2_002,BB3_009,3,1,2
BB1_001,BB2_009,BB3_004,93,34,3
BB1_005,BB2_003,BB3_004,16,18,3
BB1_010,BB2_008,BB3_004,8,4,9
BB1_003,BB2_010,BB3_002,0,0,0
BB1_007,BB2_009,BB3_003,0,0,0
BB1_009,BB2_005,BB3_008,3,2,3
BB1_005,BB2_001,BB3_002,34,35,3
BB1_006,BB2_002,BB3_008,67,68,3
BB1_007,BB2_009,BB3_012,0,2,4
BB1_004,BB2_001,BB3_005,17,4,0
BB1_005,BB2_007,BB3_001,8,2,0
BB1_002,BB2_007,BB3_005,3,0,0
BB1_003,BB2_011,BB3_005,2,3,5
BB1_001,BB2_005,BB3_005,6,1,6
BB1_006,BB2_009,BB3_001,18,38,0
BB1_001,BB2_005,BB3_002,30,21,1
BB1_004,BB2_005,BB3_009,3,0,2
BB1_010,BB2_005,BB3_002,1,2,1
BB1_001,BB2_004,BB3_004,25,27,0
BB1_003,BB2_001,BB3_003,2,5,2
BB1_005,BB2_008,BB3_011,0,1,2
BB1_007,BB2_008,BB3_010,2,6,0
BB1_006,BB2_003,BB3_009,5,5,3
BB1_007,BB2_001,BB3_007,14,3,11
BB1_007,BB2_011,BB3_012,3,3,1
BB1_004,BB2_006,BB3_010,1,1,0
BB1_004,BB2_003,BB3_009,48,25,2
BB1_001,BB2_007,BB3_008,0,1,0
BB1_008,BB2_003,BB3_007,1,2,4
BB1_002,BB2_006,BB3_010,0,0,1
BB1_003,BB2_001,BB3_010,6,0,1
BB1_004,BB2_012,BB3_009,4,3,6
BB1_002,BB2_012,BB3_006,0,1,0
BB1_009,BB2_012,BB3_010,0,3,3
BB1_004,BB2_002,BB3_012,4,12,0
BB1_007,BB2_006,BB3_001,2,1,2
BB1_007,BB2_005,BB3_001,0,0,2
BB1_008,BB2_002,BB3_004,0,1,3
BB1_004,BB2_005,BB3_005,1,0,0
BB1_010,BB2_002,BB3_004,7,1,2
BB1_004,BB2_003,BB3_012,3,8,0
BB1_003,BB2_006,BB3_009,3,1,0
BB1_001,BB2_010,BB3_009,21,8,7
BB1_002,BB2_011,BB3_010,2,3,2
BB1_005,BB2_007,BB3_004,7,10,0
BB1_004,BB2_010,BB3_006,2,2,5
BB1_003,BB2_007,BB3_002,0,6,3
BB1_009,BB2_004,BB3_011,3,6,2
BB1_002,BB2_010,BB3_012,0,0,0
BB1_007,BB2_012,BB3_001,11,12,0
BB1_009,BB2_003,BB3_005,5,5,1
BB1_002,BB2_005,BB3_011,2,2,2
BB1_001,BB2_002,BB3_005,1,2,0
BB1_006,BB2_001,BB3_009,47,34,2
BB1_010,BB2_007,BB3_004,1,0,0
BB1_009,BB2_007,BB3_010,1,0,0
BB1_001,BB2_004,BB3_011,2,2,2
BB1_009,BB2_009,BB3_003,4,0,1
BB1_001,BB2_003,BB3_009,8,16,1
BB1_002,BB2_010,BB3_001,2,0,2
BB1_001,BB2_008,BB3_012,0,0,3
BB1_009,BB2_002,BB3_004,20,23,7
BB1_010,BB2_004,BB3_010,0,1,2
BB1_007,BB2_011,BB3_007,10,7,0
BB1_003,BB2_008,BB3_009,0,0,1
BB1_008,BB2_002,BB3_001,1,3,0
BB1_009,BB2_007,BB3_001,0,0,0
BB1_005,BB2_002,BB3_007,23,56,0
BB1_003,BB2_008,BB3_011,0,1,0
BB1_003,BB2_012,BB3_006,4,2,4
BB1_003,BB2_006,BB3_002,1,2,1
BB1_005,BB2_008,BB3_005,2,0,2
BB1_003,BB2_005,BB3_009,0,7,1
BB1_004,BB2_004,BB3_007,4,0,1
BB1_007,BB2_007,BB3_007,3,1,1
BB1_004,BB2_011,BB3_004,37,21,4
BB1_004,BB2_009,BB3_003,16,13,1
BB1_003,BB2_002,BB3_008,0,0,0
BB1_005,BB2_005,BB3_006,3,0,1
BB1_004,BB2_003,BB3_003,61,15,2
BB1_001,BB2_005,BB3_010,4,2,1
BB1_010,BB2_005,BB3_012,0,1,1
BB1_001,BB2_004,BB3_001,15,6,2
BB1_008,BB2_008,BB3_010,1,0,4
BB1_001,BB2_007,BB3_010,1,2,3
BB1_010,BB2_003,BB3_010,0,3,5
BB1_008,BB2_007,BB3_009,7,10,5
BB1_004,BB2_009,BB3_007,34,11,4
BB1_004,BB2_003,BB3_008,17,47,3
BB1_003,BB2_010,BB3_011,11,8,2
BB1_005,BB2_002,BB3_001,9,15,1
BB1_005,BB2_005,BB3_004,43,42,3
BB1_010,BB2_009,BB3_003,1,2,1
BB1_007,BB2_006,BB3_007,1,3,1
BB1_007,BB2_007,BB3_010,7,3,2
BB1_010,BB2_012,BB3_002,3,2,4
BB1_007,BB2_012,BB3_005,8,3,2
BB1_002,BB2_008,BB3_009,3,0,2
BB1_005,BB2_009,BB3_005,32,34,8
BB1_010,BB2_003,BB3_011,0,1,0
BB1_008,BB2_007,BB3_004,1,1,0
BB1_009,BB2_012,BB3_007,5,1,0
BB1_006,BB2_008,BB3_008,3,11,2
BB1_001,BB2_002,BB3_002,18,9,0
BB1_009,BB2_002,BB3_008,0,0,0
BB1_009,BB2_003,BB3_006,0,4,4
BB1_008,BB2_005,BB3_010,1,1,0
BB1_003,BB2_009,BB3_003,3,1,2
BB1_006,BB2_003,BB3_011,41,21,9
BB1_006,BB2_004,BB3_003,23,34,4
BB1_008,BB2_006,BB3_001,1,5,5
BB1_008,BB2_006,BB3_004,0,1,3
BB1_009,BB2_006,BB3_010,1,3,0
BB1_009,BB2_005,BB3_002,3,4,6
BB1_002,BB2_001,BB3_002,2,2,1
BB1_006,BB2_007,BB3_009,1,0,1
BB1_007,BB2_012,BB3_012,1,1,11
BB1_010,BB2_007,BB3_002,0,0,0
BB1_008,BB2_003,BB3_003,0,0,0
BB1_005,BB2_010,BB3_012,0,0,1
BB1_005,BB2_012,BB3_012,2,2,0
BB1_007,BB2_010,BB3_005,5,2,3
BB1_002,BB2_011,BB3_009,2,6,1
BB1_002,BB2_005,BB3_012,2,1,1
BB1_001,BB2_012,BB3_010,1,0,0
BB1_006,BB2_001,BB3_007,6,29,1
BB1_003,BB2_011,BB3_002,6,1,1
BB1_010,BB2_005,BB3_007,1,2,1
BB1_007,BB2_005,BB3_006,1,0,0
BB1_009,BB2_006,BB3_009,2,4,3
BB1_010,BB2_010,BB3_001,0,1,6
BB1_003,BB2_002,BB3_004,7,5,1
BB1_005,BB2_010,BB3_004,51,55,2
BB1_007,BB2_002,BB3_007,10,3,2
BB1_006,BB2_005,BB3_010,0,0,0
BB1_004,BB2_008,BB3_009,2,1,1
BB1_010,BB2_002,BB3_001,1,2,5
BB1_008,BB2_005,BB3_003,1,4,1
BB1_001,BB2_008,BB3_003,34,10,4
BB1_006,BB2_004,BB3_004,3,10,0
BB1_004,BB2_005,BB3_004,37,29,3
BB1_008,BB2_012,BB3_005,0,3,2
BB1_008,BB2_009,BB3_001,2,2,9
BB1_001,BB2_012,BB3_005,2,1,4
BB1_006,BB2_001,BB3_005,3,0,0
BB1_006,BB2_005,BB3_008,0,1,0
BB1_009,BB2_011,BB3_007,0,1,0
BB1_007,BB2_008,BB3_004,2,1,1
BB1_002,BB2_007,BB3_009,0,0,0
BB1_007,BB2_004,BB3_006,0,6,2
BB1_007,BB2_002,BB3_004,1,0,0
BB1_002,BB2_012,BB3_012,2,1,2
BB1_008,BB2_005,BB3_008,5,0,8
BB1_003,BB2_011,BB3_009,0,0,4
BB1_010,BB2_012,BB3_012,1,0,3
BB1_003,BB2_012,BB3_002,0,1,2
BB1_005,BB2_009,BB3_010,71,22,7
BB1_010,BB2_008,BB3_003,1,2,2
BB1_010,BB2_003,BB3_002,2,0,1
BB1_008,BB2_008,BB3_011,2,3,0
BB1_006,BB2_011,BB3_001,13,7,1
BB1_004,BB2_011,BB3_005,2,1,1
BB1_008,BB2_006,BB3_005,4,2,1
BB1_002,BB2_012,BB3_003,2,3,1
BB1_010,BB2_004,BB3_002,4,2,1
BB1_009,BB2_012,BB3_001,10,3,2
BB1_007,BB2_002,BB3_006,3,1,1
BB1_007,BB2_006,BB3_008,0,0,0
BB1_007,BB2_001,BB3_012,0,0,0
BB1_001,BB2_009,BB3_010,22,10,0
BB1_006,BB2_008,BB3_004,4,6,1
BB1_005,BB2_010,BB3_006,0,0,0
BB1_006,BB2_006,BB3_006,2,2,0
BB1_004,BB2_006,BB3_004,16,77,1
BB1_007,BB2_012,BB3_002,0,0,0
BB1_004,BB2_003,BB3_005,27,37,1
BB1_002,BB2_011,BB3_006,0,0,1
BB1_005,BB2_012,BB3_006,1,3,3
BB1_003,BB2_003,BB3_011,0,3,1
BB1_005,BB2_001,BB3_001,20,16,0
BB1_005,BB2_005,BB3_007,8,15,5
BB1_006,BB2_004,BB3_010,1,0,1
BB1_002,BB2_004,BB3_002,0,1,2
BB1_009,BB2_001,BB3_008,0,0,0
BB1_005,BB2_005,BB3_008,0,1,0
BB1_006,BB2_004,BB3_012,2,0,2
BB1_003,BB2_007,BB3_006,1,6,2
BB1_005,BB2_004,BB3_002,35,41,5
BB1_006,BB2_004,BB3_002,39,25,1
BB1_004,BB2_003,BB3_010,6,7,1
BB1_005,BB2_010,BB3_007,2,0,3
BB1_005,BB2_007,BB3_002,12,31,1
BB1_008,BB2_003,BB3_008,0,0,0
BB1_009,BB2_009,BB3_011,0,1,0
BB1_002,BB2_002,BB3_010,2,1,0
BB1_004,BB2_008,BB3_006,2,4,4
BB1_010,BB2_001,BB3_011,2,9,1
BB1_003,BB2_009,BB3_010,2,0,0
BB1_001,BB2_007,BB3_003,38,10,2
BB1_007,BB2_008,BB3_009,1,1,0
BB1_004,BB2_002,BB3_011,32,58,3
BB1_008,BB2_010,BB3_008,1,1,0
BB1_007,BB2_004,BB3_001,3,0,1
BB1_002,BB2_004,BB3_011,3,1,1
BB1_002,BB2_009,BB3_012,1,2,1
BB1_005,BB2_008,BB3_003,2,7,2
BB1_006,BB2_010,BB3_005,0,1,6
BB1_002,BB2_012,BB3_001,3,6,8
BB1_005,BB2_006,BB3_009,3,3,2
BB1_006,BB2_012,BB3_010,3,1,6
BB1_004,BB2_006,BB3_011,3,1,1
BB1_010,BB2_011,BB3_006,5,10,5
BB1_002,BB2_001,BB3_008,0,1,0
BB1_002,BB2_008,BB3_003,2,1,2
BB1_002,BB2_003,BB3_004,2,6,0
BB1_009,BB2_002,BB3_010,0,1,5
BB1_004,BB2_011,BB3_006,2,2,5
BB1_003,BB2_010,BB3_012,0,0,1
BB1_010,BB2_004,BB3_008,1,6,0
BB1_001,BB2_004,BB3_002,35,213,8
BB1_002,BB2_011,BB3_002,3,2,8
BB1_008,BB2_006,BB3_010,7,6,3
BB1_007,BB2_005,BB3_010,2,2,1
BB1_006,BB2_011,BB3_012,9,2,3
BB1_005,BB2_009,BB3_003,37,21,4
BB1_001,BB2_007,BB3_007,0,1,1
BB1_002,BB2_002,BB3_006,2,1,3
BB1_002,BB2_008,BB3_008,1,5,3
BB1_003,BB2_006,BB3_012,1,7,5
BB1_009,BB2_001,BB3_007,1,0,0
BB1_006,BB2_005,BB3_009,11,2,0
BB1_004,BB2_005,BB3_002,74,21,4
BB1_009,BB2_008,BB3_007,4,0,0
BB1_001,BB2_002,BB3_010,52,68,3
BB1_008,BB2_006,BB3_003,1,0,4
BB1_004,BB2_007,BB3_004,4,5,1
BB1_001,BB2_012,BB3_004,5,6,0
BB1_005,BB2_003,BB3_003,1,0,0
BB1_004,BB2_002,BB3_009,26,7,0
BB1_009,BB2_004,BB3_008,3,1,1
BB1_005,BB2_008,BB3_004,25,16,4
BB1_001,BB2_005,BB3_006,3,4,0
BB1_001,BB2_003,BB3_008,29,11,3
BB1_001,BB2_006,BB3_011,5,2,0
BB1_009,BB2_003,BB3_002,0,1,0
BB1_008,BB2_002,BB3_010,1,5,1
BB1_009,BB2_004,BB3_009,6,2,2
BB1_009,BB2_012,BB3_005,1,4,2
BB1_002,BB2_003,BB3_001,1,1,1
BB1_010,BB2_003,BB3_012,1,1,1
BB1_010,BB2_010,BB3_003,1,3,1
BB1_004,BB2_012,BB3_008,2,19,1
BB1_008,BB2_010,BB3_001,2,5,0
BB1_007,BB2_001,BB3_005,0,2,0
BB1_001,BB2_011,BB3_005,0,0,0
BB1_004,BB2_010,BB3_010,2,3,1
BB1_009,BB2_007,BB3_008,0,0,1
BB1_006,BB2_010,BB3_011,0,0,0
BB1_002,BB2_005,BB3_006,0,0,3
BB1_004,BB2_006,BB3_007,5,5,8
BB1_009,BB2_006,BB3_003,1,0,1
BB1_009,BB2_012,BB3_002,2,2,1
BB1_002,BB2_005,BB3_008,0,0,0
BB1_003,BB2_009,BB3_011,1,5,5
BB1_004,BB2_004,BB3_009,0,1,0
BB1_004,BB2_007,BB3_002,5,5,0
BB1_004,BB2_005,BB3_012,1,3,3
BB1_004,BB2_010,BB3_002,16,30,3
BB1_010,BB2_008,BB3_007,0,3,1
BB1_010,BB2_008,BB3_009,1,0,0
BB1_003,BB2_007,BB3_001,0,0,0
BB1_005,BB2_011,BB3_007,4,2,3
BB1_006,BB2_010,BB3_002,54,36,2
BB1_005,BB2_003,BB3_006,35,9,2
BB1_003,BB2_004,BB3_011,1,2,1
BB1_005,BB2_009,BB3_009,74,140,3
BB1_008,BB2_009,BB3_010,1,3,3
BB1_004,BB2_010,BB3_012,4,6,0
BB1_001,BB2_001,BB3_005,30,43,0
BB1_008,BB2_009,BB3_012,2,0,0
BB1_010,BB2_008,BB3_005,8,6,1
BB1_004,BB2_012,BB3_002,21,32,1
BB1_008,BB2_012,BB3_007,9,3,1
BB1_009,BB2_011,BB3_010,2,1,1
BB1_009,BB2_006,BB3_012,1,2,1
BB1_006,BB2_011,BB3_005,0,0,0
BB1_005,BB2_010,BB3_010,1,11,3
BB1_001,BB2_012,BB3_009,1,0,0
BB1_006,BB2_006,BB3_004,1,0,1
BB1_007,BB2_012,BB3_007,6,3,0
BB1_001,BB2_005,BB3_012,0,0,0
BB1_006,BB2_008,BB3_011,1,1,1
BB1_003,BB2_005,BB3_005,1,1,1
BB1_004,BB2_009,BB3_005,60,29,8
BB1_005,BB2_005,BB3_012,0,3,0
BB1_007,BB2_002,BB3_011,0,0,0
BB1_009,BB2_009,BB3_012,3,4,7
BB1_008,BB2_012,BB3_003,1,1,1
BB1_001,BB2_004,BB3_012,0,0,0
BB1_003,BB2_005,BB3_012,2,2,0
BB1_010,BB2_004,BB3_005,0,0,0
BB1_006,BB2_012,BB3_001,29,24,4
BB1_007,BB2_001,BB3_003,2,2,1
BB1_008,BB2_012,BB3_010,2,3,5
BB1_002,BB2_012,BB3_011,3,2,1
BB1_005,BB2_012,BB3_005,0,2,2
BB1_007,BB2_005,BB3_008,0,0,0
BB1_010,BB2_001,BB3_002,0,2,3
BB1_004,BB2_001,BB3_003,20,29,2
BB1_004,BB2_010,BB3_001,5,15,1
BB1_005,BB2_009,BB3_007,11,7,1
BB1_010,BB2_005,BB3_004,1,2,1
BB1_008,BB2_001,BB3_004,3,2,2
BB1_010,BB2_002,BB3_010,0,0,1
BB1_008,BB2_012,BB3_009,2,24,6
BB1_003,BB2_009,BB3_009,0,1,5
BB1_009,BB2_010,BB3_008,0,4,2
BB1_005,BB2_007,BB3_007,3,1,2
BB1_007,BB2_006,BB3_011,9,2,2
BB1_002,BB2_011,BB3_007,0,2,2
BB1_008,BB2_012,BB3_001,2,4,1
BB1_006,BB2_007,BB3_010,1,0,0
BB1_009,BB2_010,BB3_003,0,0,0
BB1_007,BB2_004,BB3_010,2,0,2
BB1_005,BB2_002,BB3_011,48,7,2
BB1_008,BB2_003,BB3_010,0,0,0
BB1_002,BB2_008,BB3_002,9,6,1
BB1_007,BB2_003,BB3_002,3,3,1
BB1_009,BB2_010,BB3_011,3,2,1
BB1_010,BB2_011,BB3_008,4,2,7
BB1_002,BB2_007,BB3_007,21,0,0
BB1_007,BB2_009,BB3_010,3,0,1
BB1_006,BB2_011,BB3_003,29,41,0
BB1_010,BB2_007,BB3_012,0,4,0
BB1_005,BB2_003,BB3_010,73,86,3
BB1_004,BB2_001,BB3_001,73,100,1
BB1_008,BB2_012,BB3_011,0,0,1
BB1_002,BB2_005,BB3_003,0,0,1
BB1_005,BB2_002,BB3_003,18,1,4
BB1_002,BB2_007,BB3_008,0,7,2
BB1_005,BB2_006,BB3_008,1,0,0
BB1_003,BB2_004,BB3_003,0,1,2
BB1_005,BB2_002,BB3_006,5,6,0
BB1_001,BB2_006,BB3_009,17,9,7
BB1_003,BB2_012,BB3_010,0,0,0
BB1_007,BB2_009,BB3_004,3,1,0
BB1_003,BB2_006,BB3_006,7,6,6
BB1_002,BB2_005,BB3_010,5,0,0
BB1_005,BB2_003,BB3_002,6,10,0
BB1_005,BB2_004,BB3_001,62,37,3
BB1_009,BB2_007,BB3_004,0,1,0
BB1_010,BB2_012,BB3_010,0,0,1
BB1_001,BB2_007,BB3_011,1,1,2
BB1_007,BB2_003,BB3_008,1,0,6
BB1_005,BB2_006,BB3_006,1,2,1
BB1_001,BB2_004,BB3_009,1,1,1
BB1_003,BB2_009,BB3_008,0,1,0
BB1_010,BB2_008,BB3_002,2,1,0
BB1_004,BB2_006,BB3_006,6,0,1
BB1_003,BB2_009,BB3_006,0,0,2
BB1_010,BB2_006,BB3_009,1,0,8
BB1_008,BB2_007,BB3_012,0,0,0
BB1_006,BB2_002,BB3_002,35,6,1
BB1_010,BB2_008,BB3_008,2,5,0
BB1_010,BB2_003,BB3_004,0,0,0
BB1_007,BB2_004,BB3_009,3,3,0
BB1_002,BB2_002,BB3_007,0,1,0
BB1_002,BB2_009,BB3_005,0,0,0
BB1_003,BB2_008,BB3_005,0,2,1
BB1_007,BB2_009,BB3_008,0,2,0
BB1_008,BB2_005,BB3_011,12,7,0
BB1_006,BB2_008,BB3_007,5,2,1
BB1_001,BB2_009,BB3_011,51,21,4
BB1_009,BB2_002,BB3_005,0,0,1
BB1_002,BB2_003,BB3_007,3,4,0
BB1_008,BB2_006,BB3_007,5,3,0
BB1_003,BB2_003,BB3_003,1,3,1
BB1_006,BB2_001,BB3_006,37,25,3
BB1_003,BB2_001,BB3_005,5,1,10
BB1_006,BB2_005,BB3_006,6,3,2
BB1_002,BB2_008,BB3_001,2,4,3
BB1_001,BB2_005,BB3_003,14,2,1
BB1_001,BB2_002,BB3_012,2,9,0
BB1_008,BB2_010,BB3_010,8,1,0
BB1_002,BB2_009,BB3_007,6,1,1
BB1_003,BB2_001,BB3_006,0,0,0
BB1_009,BB2_012,BB3_011,0,2,1
BB1_006,BB2_009,BB3_010,8,5,2
BB1_007,BB2_006,BB3_009,4,2,3
BB1_006,BB2_011,BB3_009,0,0,0
BB1_007,BB2_009,BB3_011,5,1,3
BB1_001,BB2_007,BB3_009,1,0,0
BB1_009,BB2_011,BB3_008,1,0,0
BB1_005,BB2_008,BB3_010,1,1,2
BB1_009,BB2_011,BB3_005,0,2,2
BB1_006,BB2_001,BB3_002,31,23,2
BB1_006,BB2_008,BB3_010,9,16,4
BB1_003,BB2_007,BB3_003,0,0,4
BB1_008,BB2_011,BB3_005,0,0,0
BB1_009,BB2_001,BB3_001,5,8,4
BB1_005,BB2_007,BB3_005,2,0,3
BB1_007,BB2_009,BB3_001,2,0,3
BB1_004,BB2_004,BB3_010,1,3,3
BB1_010,BB2_002,BB3_012,2,2,0
BB1_007,BB2_009,BB3_006,2,1,2
BB1_005,BB2_004,BB3_009,2,3,2
BB1_005,BB2_001,BB3_005,171,146,1
BB1_001,BB2_003,BB3_006,5,10,0
BB1_003,BB2_001,BB3_002,3,0,0
BB1_010,BB2_002,BB3_002,2,5,5
BB1_002,BB2_002,BB3_004,0,0,0
BB1_003,BB2_002,BB3_005,2,1,0
BB1_005,BB2_012,BB3_010,2,5,0
BB1_001,BB2_008,BB3_004,6,4,1
BB1_010,BB2_005,BB3_008,1,0,0
BB1_001,BB2_005,BB3_008,0,3,1
BB1_004,BB2_008,BB3_011,2,5,1
BB1_007,BB2_008,BB3_002,4,4,3
BB1_006,BB2_003,BB3_001,62,126,2
BB1_001,BB2_007,BB3_012,3,6,1
BB1_006,BB2_004,BB3_008,2,4,2
BB1_007,BB2_002,BB3_009,1,4,1
BB1_001,BB2_011,BB3_009,5,3,0
BB1_009,BB2_002,BB3_007,2,1,0
BB1_001,BB2_009,BB3_002,6,20,0
BB1_010,BB2_001,BB3_001,3,1,0
BB1_008,BB2_009,BB3_004,0,0,0
BB1_006,BB2_006,BB3_009,4,2,2
BB1_007,BB2_007,BB3_009,1,1,0
BB1_007,BB2_001,BB3_002,2,1,1
BB1_002,BB2_008,BB3_005,3,1,5
BB1_002,BB2_009,BB3_006,5,1,3
BB1_009,BB2_008,BB3_001,0,2,2
BB1_009,BB2_004,BB3_004,0,1,0
BB1_006,BB2_006,BB3_002,10,20,4
BB1_004,BB2_006,BB3_003,9,15,0
BB1_009,BB2_004,BB3_006,1,1,0
BB1_004,BB2_004,BB3_002,12,3,1
BB1_007,BB2_011,BB3_009,2,8,0
BB1_005,BB2_010,BB3_009,3,1,1
BB1_008,BB2_010,BB3_002,0,1,1
BB1_005,BB2_008,BB3_007,7,1,0
BB1_002,BB2_007,BB3_006,1,0,0
BB1_008,BB2_001,BB3_003,7,4,1
BB1_001,BB2_011,BB3_007,1,2,2
BB1_002,BB2_010,BB3_005,2,0,3
BB1_010,BB2_002,BB3_008,0,2,0
BB1_008,BB2_006,BB3_008,4,2,1
BB1_009,BB2_007,BB3_007,1,3,0
BB1_010,BB2_001,BB3_009,0,0,0
BB1_007,BB2_007,BB3_004,1,2,2
BB1_005,BB2_002,BB3_008,3,14,4
BB1_007,BB2_009,BB3_009,1,0,0
BB1_007,BB2_011,BB3_006,1,1,1
BB1_003,BB2_011,BB3_011,4,6,5
BB1_010,BB2_011,BB3_012,4,0,1
BB1_001,BB2_006,BB3_006,1,3,1
BB1_005,BB2_005,BB3_005,2,0,1
BB1_001,BB2_002,BB3_008,4,5,5
BB1_009,BB2_004,BB3_012,1,1,1
BB1_008,BB2_010,BB3_011,0,0,2
BB1_005,BB2_004,BB3_004,14,3,0
BB1_001,BB2_001,BB3_001,11,3,2
BB1_007,BB2_003,BB3_012,0,1,1
BB1_004,BB2_006,BB3_005,2,2,1
BB1_008,BB2_004,BB3_001,2,5,4
BB1_002,BB2_004,BB3_005,5,2,0
BB1_003,BB2_003,BB3_002,1,0,1
BB1_002,BB2_001,BB3_009,1,0,7
BB1_003,BB2_005,BB3_011,2,1,3
BB1_009,BB2_011,BB3_009,0,0,2
BB1_009,BB2_007,BB3_012,16,4,2
BB1_001,BB2_009,BB3_003,41,199,5
BB1_007,BB2_006,BB3_010,0,1,2
BB1_003,BB2_007,BB3_005,0,3,1
BB1_010,BB2_003,BB3_007,0,0,0
BB1_010,BB2_006,BB3_010,0,0,1
BB1_001,BB2_006,BB3_012,0,0,1
BB1_005,BB2_012,BB3_009,0,1,1
BB1_009,BB2_007,BB3_009,2,1,0
BB1_006,BB2_010,BB3_001,101,45,5
BB1_006,BB2_012,BB3_006,0,2,2
BB1_003,BB2_002,BB3_006,1,5,3
BB1_008,BB2_004,BB3_010,0,0,1
BB1_010,BB2_006,BB3_008,0,3,7
BB1_009,BB2_006,BB3_006,8,9,6
BB1_003,BB2_008,BB3_008,1,0,0
BB1_001,BB2_008,BB3_006,3,3,13
BB1_008,BB2_007,BB3_010,0,0,0
BB1_007,BB2_007,BB3_005,0,2,9
BB1_008,BB2_012,BB3_006,9,5,4
BB1_008,BB2_003,BB3_002,0,3,0
BB1_009,BB2_011,BB3_001,11,3,14
BB1_007,BB2_005,BB3_009,2,0,5
BB1_009,BB2_001,BB3_004,2,3,4
BB1_010,BB2_009,BB3_005,4,2,0
BB1_002,BB2_010,BB3_011,5,4,3
BB1_002,BB2_012,BB3_002,4,1,3
BB1_006,BB2_002,BB3_010,21,24,2
BB1_001,BB2_009,BB3_006,8,10,1
BB1_006,BB2_001,BB3_010,72,36,4
BB1_006,BB2_006,BB3_005,1,2,0
BB1_007,BB2_003,BB3_004,1,0,2
BB1_005,BB2_008,BB3_002,28,15,0
BB1_006,BB2_003,BB3_002,9,12,3
BB1_010,BB2_006,BB3_001,3,0,0
BB1_009,BB2_006,BB3_011,1,1,0
BB1_001,BB2_007,BB3_006,1,2,0
BB1_006,BB2_012,BB3_002,20,58,1
BB1_007,BB2_003,BB3_005,3,2,9
BB1_009,BB2_003,BB3_010,1,2,1
BB1_001,BB2_008,BB3_009,3,2,0
BB1_010,BB2_010,BB3_010,0,1,0
BB1_008,BB2_006,BB3_012,2,0,1
BB1_001,BB2_008,BB3_007,2,2,3
BB1_006,BB2_003,BB3_005,18,26,2
BB1_003,BB2_002,BB3_007,0,0,0
BB1_002,BB2_007,BB3_012,1,3,3
BB1_008,BB2_011,BB3_008,11,3,0
BB1_009,BB2_009,BB3_010,3,1,5
BB1_008,BB2_005,BB3_007,7,10,3
BB1_008,BB2_012,BB3_002,11,3,1
BB1_006,BB2_003,BB3_003,23,70,1
BB1_006,BB2_001,BB3_001,22,47,3
BB1_002,BB2_005,BB3_007,3,4,5
BB1_004,BB2_011,BB3_007,5,0,1
BB1_004,BB2_002,BB3_007,57,16,1
BB1_008,BB2_001,BB3_007,1,2,2
BB1_002,BB2_005,BB3_005,1,1,0
BB1_002,BB2_012,BB3_007,1,1,2
BB1_002,BB2_009,BB3_010,2,2,2
BB1_006,BB2_002,BB3_011,25,22,3
BB1_005,BB2_011,BB3_004,13,16,0
BB1_007,BB2_011,BB3_010,1,0,0
BB1_010,BB2_009,BB3_007,0,0,3
BB1_008,BB2_007,BB3_002,2,3,9
BB1_006,BB2_004,BB3_001,7,52,1
BB1_004,BB2_002,BB3_005,33,19,2
BB1_003,BB2_012,BB3_003,1,10,0
BB1_002,BB2_002,BB3_012,4,1,2
BB1_008,BB2_006,BB3_009,0,1,3
BB1_003,BB2_003,BB3_008,9,0,3
BB1_004,BB2_001,BB3_007,15,0,0
BB1_003,BB2_005,BB3_002,0,3,0
BB1_006,BB2_007,BB3_006,0,0,0
BB1_009,BB2_012,BB3_012,3,0,6
BB1_008,BB2_002,BB3_006,4,0,0
BB1_004,BB2_009,BB3_012,20,34,0
BB1_008,BB2_010,BB3_009,1,5,7
BB1_004,BB2_008,BB3_012,1,0,2
BB1_009,BB2_004,BB3_010,3,0,2
BB1_009,BB2_009,BB3_007,0,3,1
BB1_005,BB2_008,BB3_006,11,2,4
BB1_005,BB2_003,BB3_001,9,7,0
BB1_009,BB2_006,BB3_005,0,2,0
BB1_005,BB2_007,BB3_012,8,9,2
BB1_005,BB2_009,BB3_011,5,0,0
BB1_005,BB2_007,BB3_006,6,13,4
BB1_007,BB2_010,BB3_001,3,0,1
BB1_002,BB2_003,BB3_008,0,0,0
BB1_006,BB2_007,BB3_001,4,9,0
BB1_007,BB2_005,BB3_004,5,3,1
BB1_008,BB2_001,BB3_002,1,3,3
BB1_007,BB2_012,BB3_010,1,2,1
BB1_003,BB2_003,BB3_009,4,3,0
BB1_003,BB2_006,BB3_007,1,7,1
BB1_010,BB2_002,BB3_003,1,1,4
BB1_003,BB2_009,BB3_012,0,2,0
BB1_005,BB2_004,BB3_011,6,4,7
BB1_009,BB2_002,BB3_012,2,0,1
BB1_002,BB2_008,BB3_012,0,0,1
BB1_005,BB2_004,BB3_012,12,1,2
BB1_006,BB2_012,BB3_009,0,2,4
BB1_005,BB2_010,BB3_002,14,7,0
BB1_001,BB2_011,BB3_010,1,0,0
BB1_003,BB2_004,BB3_002,0,2,1
BB1_008,BB2_008,BB3_002,0,0,0
BB1_004,BB2_002,BB3_006,74,25,10
BB1_007,BB2_003,BB3_006,2,6,2
BB1_008,BB2_004,BB3_007,20,4,4
BB1_010,BB2_006,BB3_003,1,1,4
BB1_003,BB2_001,BB3_009,2,1,1
BB1_003,BB2_010,BB3_004,24,4,4
BB1_001,BB2_002,BB3_006,11,5,2
BB1_009,BB2_011,BB3_004,0,1,2
BB1_004,BB2_007,BB3_006,1,1,2
BB1_006,BB2_007,BB3_012,0,3,1
BB1_006,BB2_009,BB3_011,19,12,1
BB1_007,BB2_002,BB3_012,2,5,4
BB1_009,BB2_007,BB3_002,3,1,0
BB1_008,BB2_002,BB3_011,2,5,0
BB1_002,BB2_009,BB3_001,1,0,0
BB1_007,BB2_003,BB3_009,8,1,6
BB1_004,BB2_004,BB3_003,0,3,0
BB1_006,BB2_010,BB3_007,0,1,0
BB1_006,BB2_005,BB3_012,5,3,7
BB1_004,BB2_011,BB3_011,0,1,0
BB1_010,BB2_008,BB3_006,1,7,2
BB1_010,BB2_005,BB3_003,1,2,0
BB1_006,BB2_001,BB3_003,16,4,2
BB1_010,BB2_009,BB3_008,1,0,1
BB1_004,BB2_009,BB3_006,69,31,5
BB1_007,BB2_008,BB3_008,16,5,0
BB1_003,BB2_011,BB3_006,3,1,0
BB1_006,BB2_009,BB3_003,11,8,2
BB1_007,BB2_007,BB3_003,4,3,2
BB1_004,BB2_012,BB3_004,17,31,2
BB1_005,BB2_011,BB3_002,35,40,3
BB1_005,BB2_011,BB3_006,1,1,0
BB1_008,BB2_007,BB3_005,1,0,1
BB1_006,BB2_005,BB3_003,30,34,4
BB1_009,BB2_005,BB3_001,7,2,2
BB1_008,BB2_008,BB3_001,4,1,2
BB1_001,BB2_009,BB3_012,52,21,0
BB1_005,BB2_002,BB3_005,30,55,3
BB1_009,BB2_011,BB3_012,9,5,5
BB1_005,BB2_009,BB3_004,1,1,0
BB1_006,BB2_007,BB3_008,0,1,1
BB1_001,BB2_012,BB3_002,5,6,0
BB1_007,BB2_010,BB3_006,1,0,2
BB1_005,BB2_012,BB3_004,6,5,0
BB1_002,BB2_005,BB3_001,3,1,5
BB1_005,BB2_001,BB3_011,35,30,4
BB1_009,BB2_006,BB3_004,5,4,1
BB1_006,BB2_002,BB3_004,9,9,1
BB1_005,BB2_003,BB3_011,4,2,0
BB1_001,BB2_011,BB3_008,13,2,2
BB1_002,BB2_001,BB3_012,3,0,0
BB1_005,BB2_005,BB3_010,1,4,3
BB1_002,BB2_010,BB3_006,4,15,4
BB1_009,BB2_010,BB3_009,2,0,1
BB1_001,BB2_002,BB3_004,6,9,0
BB1_002,BB2_009,BB3_002,2,3,2
BB1_004,BB2_008,BB3_010,2,1,1
BB1_005,BB2_001,BB3_006,10,16,7
BB1_008,BB2_009,BB3_008,2,13,1
BB1_001,BB2_009,BB3_009,38,38,3
BB1_004,BB2_009,BB3_004,1,9,0
BB1_002,BB2_010,BB3_007,0,1,2
BB1_010,BB2_011,BB3_011,2,1,2
BB1_005,BB2_008,BB3_001,9,2,1
BB1_007,BB2_012,BB3_004,0,1,0
BB1_002,BB2_006,BB3_004,2,7,1
BB1_003,BB2_006,BB3_005,1,5,3
BB1_008,BB2_004,BB3_005,0,0,2
BB1_003,BB2_004,BB3_005,10,5,3
BB1_009,BB2_005,BB3_005,1,1,2
BB1_006,BB2_012,BB3_012,2,2,1
BB1_007,BB2_010,BB3_003,0,2,1
BB1_009,BB2_012,BB3_009,1,0,0
BB1_009,BB2_010,BB3_001,1,0,1
BB1_003,BB2_005,BB3_004,0,1,2
BB1_002,BB2_011,BB3_004,0,6,4
BB1_006,BB2_002,BB3_005,14,9,1
BB1_006,BB2_009,BB3_009,11,18,1
BB1_003,BB2_011,BB3_007,1,0,2
BB1_009,BB2_006,BB3_002,0,4,23
BB1_005,BB2_001,BB3_012,27,5,1
BB1_001,BB2_011,BB3_003,8,43,1
BB1_004,BB2_003,BB3_004,64,58,4
BB1_007,BB2_010,BB3_009,7,1,3
BB1_003,BB2_004,BB3_007,0,0,0
BB1_009,BB2_005,BB3_007,2,1,2
BB1_007,BB2_012,BB3_011,1,2,3
BB1_005,BB2_003,BB3_005,14,17,0
BB1_008,BB2_001,BB3_010,3,1,1
BB1_005,BB2_002,BB3_002,5,21,0
BB1_006,BB2_006,BB3_003,37,25,2
BB1_003,BB2_001,BB3_011,4,2,8
BB1_002,BB2_009,BB3_011,0,0,0
BB1_001,BB2_012,BB3_011,8,7,0
BB1_004,BB2_010,BB3_008,0,4,1
BB1_006,BB2_010,BB3_009,0,0,0
BB1_004,BB2_001,BB3_011,35,20,4
BB1_006,BB2_010,BB3_012,6,1,4
BB1_006,BB2_009,BB3_012,194,113,3
BB1_010,BB2_001,BB3_006,4,0,5
BB1_010,BB2_006,BB3_004,3,1,1
BB1_005,BB2_005,BB3_001,4,9,2
BB1_010,BB2_010,BB3_011,2,0,5
BB1_002,BB2_009,BB3_004,1,0,0
BB1_008,BB2_007,BB3_008,1,0,2
BB1_006,BB2_010,BB3_003,14,30,1
BB1_001,BB2_003,BB3_010,3,14,1
BB1_004,BB2_006,BB3_001,15,18,2
BB1_010,BB2_001,BB3_007,8,6,0
BB1_006,BB2_010,BB3_006,10,24,15
BB1_004,BB2_012,BB3_010,3,2,0
BB1_010,BB2_010,BB3_005,0,1,0
BB1_002,BB2_001,BB3_007,6,3,5
BB1_007,BB2_009,BB3_002,2,1,4
BB1_010,BB2_010,BB3_002,4,1,2
BB1_004,BB2_002,BB3_004,23,30,2
BB1_010,BB2_012,BB3_003,3,1,5
BB1_007,BB2_010,BB3_007,1,4,7
BB1_003,BB2_010,BB3_008,3,5,1
BB1_009,BB2_008,BB3_002,3,4,3
BB1_004,BB2_007,BB3_010,3,0,5
BB1_007,BB2_006,BB3_004,0,0,0
BB1_007,BB2_002,BB3_010,3,0,3
BB1_008,BB2_002,BB3_008,0,0,0
BB1_003,BB2_010,BB3_001,0,1,0
BB1_005,BB2_004,BB3_008,0,0,0
BB1_005,BB2_005,BB3_002,6,28,0
BB1_003,BB2_006,BB3_010,3,3,0
BB1_002,BB2_011,BB3_012,2,0,1
BB1_004,BB2_011,BB3_009,0,0,0
BB1_006,BB2_007,BB3_007,2,3,1
BB1_007,BB2_001,BB3_008,4,2,0
BB1_003,BB2_005,BB3_006,1,1,1
BB1_010,BB2_005,BB3_009,1,3,5
BB1_004,BB2_010,BB3_011,2,10,1
BB1_005,BB2_010,BB3_003,12,14,1
BB1_007,BB2_011,BB3_001,1,2,0
BB1_003,BB2_008,BB3_007,2,0,1
BB1_008,BB2_001,BB3_005,3,4,2
BB1_005,BB2_011,BB3_003,51,46,5
BB1_008,BB2_009,BB3_003,7,2,6
BB1_003,BB2_006,BB3_001,6,0,6
BB1_001,BB2_005,BB3_007,1,0,0
BB1_009,BB2_004,BB3_001,1,1,3
BB1_007,BB2_002,BB3_005,1,1,0
BB1_002,BB2_009,BB3_008,3,5,1
BB1_008,BB2_011,BB3_001,0,2,0
BB1_009,BB2_005,BB3_009,1,0,0
BB1_010,BB2_006,BB3_002,1,0,0
BB1_009,BB2_008,BB3_008,1,5,2
BB1_004,BB2_012,BB3_003,5,11,9
BB1_002,BB2_010,BB3_003,0,1,0
BB1_003,BB2_009,BB3_005,0,3,6
BB1_010,BB2_001,BB3_012,2,1,2
BB1_006,BB2_009,BB3_007,9,38,3
BB1_002,BB2_004,BB3_008,8,7,10
BB1_009,BB2_005,BB3_004,2,4,2
BB1_006,BB2_002,BB3_007,13,2,0
BB1_005,BB2_012,BB3_002,11,11,0
BB1_004,BB2_012,BB3_007,0,0,0
BB1_005,BB2_009,BB3_001,4,7,0
BB1_008,BB2_006,BB3_006,0,0,0
BB1_008,BB2_004,BB3_006,10,6,4
BB1_005,BB2_002,BB3_004,47,66,3
BB1_009,BB2_009,BB3_001,5,16,4
BB1_010,BB2_012,BB3_005,6,1,2
BB1_010,BB2_004,BB3_003,0,0,0
BB1_006,BB2_011,BB3_002,1,0,0
BB1_001,BB2_004,BB3_010,1,4,1
BB1_004,BB2_007,BB3_003,9,6,1
BB1_009,BB2_006,BB3_008,0,0,1
BB1_005,BB2_004,BB3_007,3,1,7
BB1_006,BB2_010,BB3_008,10,5,0
BB1_008,BB2_001,BB3_011,6,2,1
BB1_001,BB2_012,BB3_008,1,3,7
BB1_006,BB2_004,BB3_009,3,0,3
BB1_003,BB2_012,BB3_008,1,0,6
BB1_008,BB2_008,BB3_009,1,6,1
BB1_005,BB2_009,BB3_006,6,30,1
BB1_006,BB2_003,BB3_004,59,37,1
BB1_008,BB2_001,BB3_012,2,0,3
BB1_001,BB2_011,BB3_011,2,1,1
BB1_007,BB2_004,BB3_008,5,2,8
BB1_006,BB2_005,BB3_004,21,9,0
BB1_002,BB2_003,BB3_005,0,0,0
BB1_005,BB2_003,BB3_009,97,154,10
BB1_008,BB2_011,BB3_011,2,4,4
BB1_004,BB2_005,BB3_008,4,4,3
BB1_003,BB2_007,BB3_011,1,0,0
BB1_010,BB2_010,BB3_009,6,1,0
BB1_009,BB2_004,BB3_003,0,2,1
BB1_010,BB2_006,BB3_006,10,2,5
BB1_007,BB2_010,BB3_011,4,5,6
BB1_006,BB2_011,BB3_011,0,0,0
BB1_003,BB2_001,BB3_012,3,5,1
BB1_010,BB2_008,BB3_012,1,2,0
BB1_006,BB2_012,BB3_003,2,0,2
BB1_010,BB2_001,BB3_005,0,0,1
BB1_009,BB2_004,BB3_002,1,0,0
BB1_003,BB2_006,BB3_008,1,1,3
BB1_001,BB2_003,BB3_005,7,19,3
BB1_006,BB2_009,BB3_004,31,154,1
BB1_002,BB2_008,BB3_010,0,1,2
BB1_009,BB2_011,BB3_006,4,3,4
BB1_002,BB2_005,BB3_004,7,3,1
BB1_009,BB2_002,BB3_009,1,1,1
BB1_004,BB2_008,BB3_007,0,0,0
BB1_003,BB2_006,BB3_004,14,18,4
BB1_010,BB2_008,BB3_011,5,1,0
BB1_001,BB2_012,BB3_007,0,5,2
BB1_007,BB2_004,BB3_002,1,4,2
BB1_006,BB2_006,BB3_011,2,1,1
BB1_010,BB2_007,BB3_001,0,2,3
BB1_009,BB2_007,BB3_006,7,20,2
BB1_007,BB2_004,BB3_005,5,4,2
BB1_002,BB2_003,BB3_006,1,1,0
BB1_001,BB2_010,BB3_012,1,6,1
BB1_003,BB2_005,BB3_007,0,5,0
BB1_001,BB2_011,BB3_006,0,0,0
BB1_003,BB2_005,BB3_010,0,2,0
BB1_008,BB2_003,BB3_001,2,7,2
BB1_006,BB2_006,BB3_010,13,5,2
BB1_004,BB2_007,BB3_011,1,4,1
BB1_008,BB2_001,BB3_008,1,1,4
BB1_004,BB2_007,BB3_005,1,3,2
BB1_004,BB2_001,BB3_002,2,2,1
BB1_004,BB2_004,BB3_004,25,12,0
BB1_002,BB2_011,BB3_008,0,5,9
BB1_004,BB2_006,BB3_008,0,0,1
BB1_003,BB2_003,BB3_005,0,2,0
BB1_009,BB2_002,BB3_001,2,3,0
BB1_010,BB2_009,BB3_006,8,5,3
BB1_006,BB2_012,BB3_008,4,0,1
BB1_010,BB2_010,BB3_012,6,2,9
BB1_009,BB2_006,BB3_001,7,5,3
BB1_001,BB2_003,BB3_012,17,7,1
BB1_010,BB2_009,BB3_004,3,1,6
BB1_003,BB2_001,BB3_001,6,5,24
BB1_009,BB2_003,BB3_004,4,3,5
BB1_003,BB2_004,BB3_001,0,0,0
BB1_007,BB2_011,BB3_004,1,5,0
BB1_005,BB2_011,BB3_008,8,8,0
BB1_004,BB2_008,BB3_004,1,5,0
BB1_004,BB2_008,BB3_008,13,6,3
BB1_003,BB2_004,BB3_009,2,2,0
BB1_010,BB2_003,BB3_001,1,3,0
BB1_009,BB2_001,BB3_006,1,1,0
BB1_004,BB2_012,BB3_001,11,23,1
BB1_006,BB2_010,BB3_010,1,4,3
BB1_001,BB2_012,BB3_001,21,39,5
BB1_005,BB2_011,BB3_005,5,8,2
BB1_007,BB2_001,BB3_004,3,0,0
BB1_002,BB2_009,BB3_003,3,4,2
BB1_002,BB2_004,BB3_004,0,1,0
BB1_004,BB2_002,BB3_002,13,1,4
BB1_001,BB2_006,BB3_001,62,18,4
BB1_007,BB2_012,BB3_009,1,3,0
BB1_005,BB2_006,BB3_011,0,3,2
BB1_002,BB2_003,BB3_011,1,1,3
BB1_005,BB2_004,BB3_003,72,169,1
BB1_006,BB2_011,BB3_004,101,42,11
BB1_002,BB2_003,BB3_010,15,8,2
BB1_002,BB2_011,BB3_001,5,1,2
BB1_010,BB2_002,BB3_011,1,2,1
BB1_008,BB2_012,BB3_008,1,3,5
BB1_006,BB2_001,BB3_008,2,10,1
BB1_007,BB2_003,BB3_010,0,1,5
BB1_008,BB2_011,BB3_012,0,3,1
BB1_010,BB2_005,BB3_005,1,0,1
BB1_008,BB2_001,BB3_006,3,3,4
BB1_010,BB2_004,BB3_009,1,0,0
BB1_005,BB2_003,BB3_008,22,27,1
BB1_002,BB2_006,BB3_005,5,6,1
BB1_001,BB2_004,BB3_008,6,5,5
BB1_010,BB2_003,BB3_003,1,4,3
BB1_001,BB2_003,BB3_007,50,100,16
BB1_006,BB2_005,BB3_002,64,28,3
BB1_001,BB2_010,BB3_005,4,4,4
BB1_003,BB2_011,BB3_003,2,0,3
BB1_006,BB2_011,BB3_008,1,3,1
BB1_003,BB2_008,BB3_006,3,0,2
BB1_006,BB2_012,BB3_011,0,0,0
BB1_003,BB2_002,BB3_002,5,1,3
BB1_008,BB2_008,BB3_008,0,1,2
BB1_006,BB2_003,BB3_006,31,64,1
BB1_004,BB2_009,BB3_008,21,14,0
BB1_010,BB2_002,BB3_006,4,1,4
BB1_003,BB2_008,BB3_012,0,1,0
BB1_007,BB2_001,BB3_009,7,1,2
BB1_001,BB2_010,BB3_002,7,46,3
BB1_002,BB2_002,BB3_009,1,1,1
BB1_004,BB2_003,BB3_011,5,16,0
BB1_002,BB2_010,BB3_009,6,4,4
BB1_001,BB2_008,BB3_001,31,38,3
BB1_002,BB2_003,BB3_003,1,0,0
BB1_004,BB2_009,BB3_010,4,65,4
BB1_004,BB2_011,BB3_008,4,1,2
BB1_010,BB2_001,BB3_008,4,3,1
BB1_005,BB2_006,BB3_002,5,8,1
BB1_006,BB2_005,BB3_001,0,14,3
BB1_007,BB2_002,BB3_001,1,2,5
BB1_008,BB2_011,BB3_010,8,1,3
BB1_009,BB2_012,BB3_008,1,5,4
BB1_004,BB2_001,BB3_010,26,11,2
BB1_004,BB2_012,BB3_012,2,4,4
BB1_002,BB2_008,BB3_004,0,0,1
BB1_003,BB2_003,BB3_006,4,8,1
BB1_007,BB2_010,BB3_010,17,1,1
BB1_008,BB2_005,BB3_005,1,0,1
BB1_009,BB2_004,BB3_007,1,3,0
BB1_009,BB2_011,BB3_002,2,6,4
BB1_009,BB2_001,BB3_003,3,0,3
BB1_007,BB2_012,BB3_003,3,0,1
BB1_010,BB2_010,BB3_007,14,3,3
BB1_008,BB2_002,BB3_012,0,1,7
BB1_009,BB2_005,BB3_011,4,9,3
BB1_008,BB2_003,BB3_004,10,7,1
BB1_001,BB2_010,BB3_003,1,7,0
BB1_007,BB2_008,BB3_003,1,2,1
BB1_010,BB2_011,BB3_009,0,2,1
BB1_007,BB2_006,BB3_002,1,2,0
BB1_003,BB2_003,BB3_007,3,0,0
BB1_006,BB2_008,BB3_006,6,2,3
BB1_003,BB2_004,BB3_008,1,1,3
BB1_009,BB2_003,BB3_003,0,3,0
BB1_001,BB2_012,BB3_012,3,3,5
BB1_002,BB2_011,BB3_005,5,5,3
BB1_009,BB2_002,BB3_006,2,3,1
BB1_001,BB2_010,BB3_010,1,0,0
BB1_007,BB2_007,BB3_006,6,11,4
BB1_004,BB2_009,BB3_001,41,60,2
BB1_005,BB2_012,BB3_011,0,0,1
BB1_005,BB2_011,BB3_001,23,29,2
BB1_002,BB2_010,BB3_010,1,4,0
BB1_009,BB2_002,BB3_003,6,2,6
BB1_001,BB2_009,BB3_001,31,59,0
BB1_009,BB2_008,BB3_009,0,3,2
BB1_001,BB2_001,BB3_010,16,39,1
BB1_001,BB2_005,BB3_001,10,12,2
BB1_001,BB2_012,BB3_006,2,4,2
BB1_002,BB2_012,BB3_004,2,1,1
BB1_004,BB2_005,BB3_010,1,3,6
BB1_004,BB2_007,BB3_001,1,1,2
BB1_001,BB2_006,BB3_002,33,52,5
BB1_004,BB2_011,BB3_012,0,0,0
BB1_004,BB2_008,BB3_002,20,4,1
BB1_010,BB2_012,BB3_007,0,8,8
BB1_009,BB2_003,BB3_012,1,0,0
BB1_002,BB2_007,BB3_004,0,0,0
BB1_008,BB2_011,BB3_009,9,12,0
BB1_003,BB2_002,BB3_003,0,0,0
BB1_010,BB2_003,BB3_009,4,1,2
BB1_007,BB2_008,BB3_011,7,6,3
BB1_010,BB2_004,BB3_007,1,1,6
BB1_009,BB2_005,BB3_012,1,0,1
BB1_004,BB2_007,BB3_012,1,1,3
BB1_001,BB2_010,BB3_001,49,76,4
BB1_002,BB2_007,BB3_001,3,3,0
BB1_002,BB2_011,BB3_003,0,0,0
BB1_006,BB2_007,BB3_005,2,0,1
BB1_008,BB2_004,BB3_003,1,1,0
BB1_001,BB2_003,BB3_002,29,21,1
BB1_003,BB2_008,BB3_001,2,2,2
BB1_010,BB2_012,BB3_006,2,1,1
BB1_006,BB2_003,BB3_010,15,13,0
BB1_009,BB2_008,BB3_004,2,2,4
BB1_002,BB2_003,BB3_012,1,0,0
BB1_003,BB2_007,BB3_007,6,5,6
BB1_002,BB2_001,BB3_001,3,1,2
BB1_009,BB2_010,BB3_007,5,6,3
BB1_004,BB2_001,BB3_004,7,7,1
BB1_003,BB2_010,BB3_006,1,7,2
BB1_003,BB2_011,BB3_010,0,2,1
BB1_010,BB2_011,BB3_005,8,2,1
BB1_009,BB2_010,BB3_004,1,1,1
BB1_001,BB2_007,BB3_004,19,23,5
BB1_004,BB2_008,BB3_005,1,1,0
BB1_004,BB2_011,BB3_010,0,0,2
BB1_008,BB2_003,BB3_011,7,3,1
BB1_005,BB2_006,BB3_007,0,0,0
BB1_005,BB2_008,BB3_012,2,10,2
BB1_001,BB2_001,BB3_012,14,7,0
BB1_004,BB2_003,BB3_002,17,13,2
BB1_003,BB2_012,BB3_011,4,0,1
BB1_005,BB2_007,BB3_003,128,11,7
BB1_009,BB2_010,BB3_002,1,2,0
BB1_005,BB2_009,BB3_012,83,50,0
BB1_003,BB2_009,BB3_007,6,34,5
BB1_010,BB2_007,BB3_010,1,13,3
BB1_005,BB2_011,BB3_009,0,0,0
BB1_004,BB2_002,BB3_001,9,5,0
BB1_005,BB2_012,BB3_001,3,6,0
BB1_007,BB2_012,BB3_006,0,3,5
BB1_008,BB2_004,BB3_008,0,0,0
BB1_006,BB2_008,BB3_009,1,0,1
BB1_007,BB2_004,BB3_011,0,1,0
BB1_003,BB2_012,BB3_007,1,2,0
BB1_009,BB2_008,BB3_012,1,0,2
BB1_008,BB2_009,BB3_007,3,4,2
BB1_002,BB2_008,BB3_011,5,0,3
BB1_001,BB2_003,BB3_003,24,19,2
BB1_004,BB2_008,BB3_003,11,29,2
BB1_006,BB2_011,BB3_007,0,0,0
BB1_004,BB2_005,BB3_011,1,1,0
BB1_009,BB2_007,BB3_005,1,2,1
BB1_001,BB2_001,BB3_004,9,26,2
BB1_001,BB2_010,BB3_007,1,4,3
BB1_004,BB2_012,BB3_011,5,1,0
BB1_007,BB2_005,BB3_002,7,2,7
BB1_007,BB2_011,BB3_003,1,12,10
BB1_007,BB2_011,BB3_008,6,4,3
BB1_009,BB2_003,BB3_001,3,2,3
BB1_008,BB2_003,BB3_006,1,1,6
BB1_009,BB2_008,BB3_003,7,13,7
BB1_001,BB2_011,BB3_001,11,12,0
BB1_004,BB2_007,BB3_008,0,0,0
BB1_005,BB2_007,BB3_009,1,1,2
BB1_008,BB2_008,BB3_004,4,2,0
BB1_007,BB2_004,BB3_004,2,2,0
BB1_005,BB2_004,BB3_005,4,4,2
BB1_009,BB2_011,BB3_011,2,5,3
BB1_009,BB2_006,BB3_007,4,0,0
BB1_006,BB2_012,BB3_007,7,4,4
BB1_001,BB2_009,BB3_007,102,40,0
BB1_005,BB2_002,BB3_012,39,30,3
BB1_004,BB2_004,BB3_012,10,4,7
BB1_004,BB2_001,BB3_009,21,34,3
BB1_006,BB2_003,BB3_008,18,19,1
BB1_008,BB2_002,BB3_003,1,0,1
BB1_006,BB2_003,BB3_007,13,12,1
BB1_006,BB2_012,BB3_004,1,7,1
BB1_008,BB2_002,BB3_007,4,13,9
BB1_004,BB2_010,BB3_009,3,5,5
BB1_003,BB2_010,BB3_005,2,5,6
BB1_002,BB2_009,BB3_009,1,1,3
BB1_002,BB2_012,BB3_010,2,1,1
BB1_008,BB2_006,BB3_002,0,0,0
BB1_009,BB2_001,BB3_002,2,4,0
BB1_008,BB2_001,BB3_001,0,5,1
BB1_008,BB2_007,BB3_001,2,1,6
BB1_002,BB2_008,BB3_007,1,3,3
BB1_006,BB2_007,BB3_011,1,0,0
BB1_002,BB2_006,BB3_007,2,1,4
BB1_010,BB2_006,BB3_012,2,0,0
BB1_008,BB2_011,BB3_007,3,0,1
BB1_010,BB2_009,BB3_012,1,0,0
BB1_002,BB2_003,BB3_009,0,4,3
BB1_004,BB2_011,BB3_003,8,23,0
BB1_006,BB2_008,BB3_005,1,2,1
BB1_002,BB2_004,BB3_010,2,0,0
BB1_004,BB2_004,BB3_001,26,154,6
BB1_010,BB2_001,BB3_004,0,1,0
BB1_008,BB2_005,BB3_001,0,0,1
BB1_007,BB2_005,BB3_007,4,0,2
BB1_001,BB2_010,BB3_004,38,27,3
BB1_008,BB2_010,BB3_003,2,2,0
BB1_004,BB2_005,BB3_007,2,2,3
BB1_004,BB2_007,BB3_007,2,1,4
BB1_010,BB2_012,BB3_008,2,1,7
BB1_003,BB2_012,BB3_009,0,2,0
BB1_007,BB2_008,BB3_005,11,0,3
BB1_010,BB2_012,BB3_009,1,3,0
BB1_001,BB2_002,BB3_003,26,27,3
BB1_008,BB2_011,BB3_003,1,1,1
BB1_005,BB2_004,BB3_006,1,3,4
BB1_008,BB2_009,BB3_006,1,0,0
BB1_004,BB2_006,BB3_012,5,2,3
BB1_002,BB2_004,BB3_001,7,10,5
BB1_009,BB2_003,BB3_009,0,0,0
BB1_007,BB2_001,BB3_001,3,3,4
BB1_007,BB2_005,BB3_003,6,6,4
BB1_010,BB2_004,BB3_006,4,2,6
BB1_005,BB2_010,BB3_001,28,46,5
BB1_007,BB2_005,BB3_011,1,1,3
BB1_007,BB2_002,BB3_003,6,1,4
BB1_010,BB2_008,BB3_001,2,3,2
BB1_010,BB2_012,BB3_004,2,0,0
BB1_007,BB2_004,BB3_012,3,2,7
BB1_004,BB2_005,BB3_001,73,24,6
BB1_005,BB2_006,BB3_003,5,5,0
BB1_010,BB2_006,BB3_005,10,11,8
BB1_002,BB2_007,BB3_010,2,0,2
BB1_006,BB2_002,BB3_012,3,6,1
BB1_010,BB2_002,BB3_005,2,0,3
BB1_003,BB2_002,BB3_010,3,4,0
BB1_008,BB2_002,BB3_005,2,1,6
BB1_008,BB2_005,BB3_012,0,0,0
BB1_008,BB2_003,BB3_005,0,0,0
BB1_002,BB2_012,BB3_008,2,1,3
BB1_002,BB2_004,BB3_012,3,1,0
BB1_010,BB2_007,BB3_011,5,5,1
BB1_001,BB2_006,BB3_004,12,25,3
BB1_001,BB2_002,BB3_011,5,5,1
BB1_002,BB2_008,BB3_006,7,6,1
BB1_008,BB2_002,BB3_009,6,1,0
BB1_010,BB2_009,BB3_002,1,0,2
BB1_010,BB2_005,BB3_011,1,1,0
BB1_003,BB2_012,BB3_004,1,0,4
BB1_003,BB2_007,BB3_004,3,4,5
BB1_002,BB2_002,BB3_008,1,1,3
BB1_006,BB2_002,BB3_003,3,3,1
BB1_004,BB2_011,BB3_002,16,27,1
BB1_001,BB2_006,BB3_003,21,39,1
BB1_007,BB2_003,BB3_007,1,0,0
BB1_003,BB2_005,BB3_003,0,3,2
BB1_010,BB2_009,BB3_001,11,9,1
BB1_006,BB2_005,BB3_005,1,1,1
BB1_002,BB2_006,BB3_002,1,0,1
BB1_005,BB2_008,BB3_008,4,0,2
BB1_004,BB2_008,BB3_001,27,15,5
BB1_008,BB2_008,BB3_005,1,0,1
BB1_001,BB2_010,BB3_006,1,2,0
BB1_008,BB2_010,BB3_004,3,0,11
BB1_005,BB2_012,BB3_008,5,2,0
BB1_009,BB2_011,BB3_003,2,1,0
BB1_004,BB2_005,BB3_006,0,0,1
BB1_006,BB2_001,BB3_012,11,42,2
BB1_006,BB2_001,BB3_004,18,10,2
BB1_009,BB2_008,BB3_010,3,2,6
BB1_005,BB2_010,BB3_011,0,2,1
BB1_001,BB2_002,BB3_009,100,12,4
BB1_009,BB2_001,BB3_010,6,2,1
BB1_001,BB2_001,BB3_006,11,32,4
BB1_010,BB2_007,BB3_006,2,0,3
BB1_009,BB2_009,BB3_002,3,9,2
BB1_002,BB2_001,BB3_010,2,3,2
BB1_005,BB2_006,BB3_005,6,30,0
BB1_007,BB2_012,BB3_008,6,8,5
BB1_002,BB2_007,BB3_003,3,4,7
BB1_001,BB2_007,BB3_005,10,3,0
BB1_007,BB2_002,BB3_002,2,1,1
BB1_006,BB2_011,BB3_010,4,0,7
BB1_002,BB2_004,BB3_003,1,2,0
BB1_007,BB2_011,BB3_002,0,5,2
BB1_002,BB2_002,BB3_005,5,3,1
BB1_003,BB2_002,BB3_001,1,5,0
BB1_006,BB2_003,BB3_012,17,12,2
BB1_002,BB2_004,BB3_009,4,1,5
BB1_010,BB2_003,BB3_008,2,5,5
BB1_002,BB2_002,BB3_003,2,2,1
BB1_003,BB2_010,BB3_009,0,1,0
BB1_008,BB2_004,BB3_011,14,10,0
BB1_007,BB2_007,BB3_008,6,3,1
BB1_010,BB2_001,BB3_003,3,4,3
BB1_007,BB2_004,BB3_007,1,0,1
BB1_008,BB2_007,BB3_003,8,2,1
BB1_007,BB2_006,BB3_006,7,8,4
BB1_006,BB2_011,BB3_006,1,3,1
BB1_002,BB2_006,BB3_009,4,2,0
BB1_007,BB2_004,BB3_003,13,3,34
BB1_001,BB2_003,BB3_001,31,29,7
BB1_004,BB2_006,BB3_002,44,10,4
BB1_004,BB2_002,BB3_003,8,19,2
BB1_007,BB2_008,BB3_001,1,1,5
BB1_001,BB2_004,BB3_003,18,14,2
BB1_008,BB2_009,BB3_009,7,11,5
BB1_001,BB2_009,BB3_005,36,77,1
BB1_008,BB2_005,BB3_009,0,0,0
BB1_003,BB2_011,BB3_004,7,3,14
BB1_006,BB2_009,BB3_008,64,34,1
BB1_004,BB2_009,BB3_009,41,16,8
BB1_005,BB2_008,BB3_009,2,1,3
BB1_002,BB2_012,BB3_005,2,2,0
BB1_003,BB2_009,BB3_002,20,3,5
BB1_006,BB2_006,BB3_001,31,110,11
BB1_002,BB2_001,BB3_003,0,2,4
BB1_008,BB2_003,BB3_009,1,2,3
BB1_005,BB2_012,BB3_007,1,1,1
BB1_003,BB2_011,BB3_008,0,0,0
BB1_002,BB2_005,BB3_002,1,1,3
BB1_008,BB2_005,BB3_006,4,7,7
BB1_007,BB2_008,BB3_012,1,1,3
BB1_004,BB2_004,BB3_005,3,1,2
BB1_001,BB2_009,BB3_008,26,26,2
BB1_009,BB2_012,BB3_006,24,21,8
BB1_009,BB2_004,BB3_005,2,0,0
BB1_006,BB2_006,BB3_012,2,0,2
BB1_009,BB2_010,BB3_012,6,2,1
BB1_005,BB2_002,BB3_010,7,2,1
BB1_010,BB2_011,BB3_004,2,5,3
BB1_009,BB2_005,BB3_010,3,0,1
BB1_003,BB2_004,BB3_004,2,2,1
BB1_003,BB2_004,BB3_012,0,5,3
BB1_003,BB2_009,BB3_001,1,4,1
BB1_008,BB2_011,BB3_002,8,6,3
BB1_010,BB2_002,BB3_007,0,8,4
BB1_008,BB2_002,BB3_002,0,0,0
BB1_009,BB2_003,BB3_011,0,1,4
BB1_002,BB2_006,BB3_012,4,2,1
BB1_005,BB2_003,BB3_007,30,13,1
BB1_006,BB2_009,BB3_005,26,39,1
BB1_005,BB2_011,BB3_012,0,2,3
BB1_008,BB2_011,BB3_006,3,1,0
BB1_003,BB2_008,BB3_002,0,2,1
BB1_001,BB2_001,BB3_007,12,10,0
BB1_010,BB2_006,BB3_007,0,0,0
BB1_008,BB2_011,BB3_004,1,1,0
BB1_007,BB2_005,BB3_005,13,5,1
BB1_006,BB2_006,BB3_008,4,5,1
BB1_003,BB2_002,BB3_009,2,3,0
BB1_006,BB2_004,BB3_005,0,0,1
BB1_001,BB2_010,BB3_011,5,4,0
BB1_010,BB2_009,BB3_009,1,3,5
BB1_005,BB2_006,BB3_001,101,59,2
BB1_006,BB2_010,BB3_004,44,30,3
BB1_007,BB2_007,BB3_012,0,1,1
BB1_002,BB2_001,BB3_005,1,1,0
BB1_002,BB2_006,BB3_003,2,6,0
BB1_001,BB2_004,BB3_007,0,10,7
BB1_008,BB2_008,BB3_007,2,1,18
BB1_002,BB2_010,BB3_002,1,0,2
BB1_009,BB2_009,BB3_009,2,0,1
BB1_001,BB2_002,BB3_001,33,9,7
BB1_001,BB2_011,BB3_002,86,29,3
BB1_009,BB2_008,BB3_005,0,1,2
BB1_001,BB2_003,BB3_004,7,2,0
BB1_002,BB2_004,BB3_007,3,1,0
BB1_003,BB2_012,BB3_012,4,0,5
BB1_001,BB2_006,BB3_005,1,0,1
BB1_006,BB2_009,BB3_002,15,66,3
BB1_002,BB2_006,BB3_001,1,1,2
BB1_002,BB2_010,BB3_008,2,0,7
BB1_007,BB2_009,BB3_007,4,6,3
BB1_009,BB2_002,BB3_011,0,1,0
BB1_005,BB2_005,BB3_003,16,32,4
BB1_005,BB2_009,BB3_002,21,29,2
BB1_001,BB2_006,BB3_007,1,0,2
BB1_005,BB2_007,BB3_010,0,1,1
BB1_009,BB2_010,BB3_010,6,0,4
BB1_003,BB2_005,BB3_001,1,1,0
BB1_004,BB2_002,BB3_008,31,14,6
BB1_008,BB2_001,BB3_009,1,6,2
BB1_003,BB2_003,BB3_001,4,6,6
BB1_004,BB2_003,BB3_001,8,4,0
BB1_007,BB2_007,BB3_001,1,7,3
BB1_009,BB2_003,BB3_008,0,0,1
BB1_005,BB2_007,BB3_011,3,2,3
BB1_009,BB2_009,BB3_008,2,4,3
BB1_003,BB2_004,BB3_010,1,1,3
BB1_006,BB2_009,BB3_006,45,109,2
BB1_010,BB2_011,BB3_002,3,5,2
BB1_003,BB2_003,BB3_004,2,6,4
BB1_003,BB2_006,BB3_011,0,2,0
BB1_006,BB2_001,BB3_011,2,6,0
BB1_009,BB2_001,BB3_009,0,3,1
BB1_005,BB2_006,BB3_010,15,2,1
BB1_008,BB2_006,BB3_011,1,1,3
BB1_006,BB2_004,BB3_007,1,8,6
BB1_005,BB2_002,BB3_009,16,12,3
BB1_004,BB2_012,BB3_005,0,0,1
BB1_004,BB2_003,BB3_006,52,19,3
BB1_001,BB2_004,BB3_005,6,5,11
BB1_005,BB2_009,BB3_008,20,3,0
BB1_003,BB2_008,BB3_010,6,4,2
BB1_005,BB2_011,BB3_011,0,3,0
BB1_002,BB2_001,BB3_011,1,2,4
BB1_001,BB2_001,BB3_002,27,29,1
BB1_002,BB2_007,BB3_011,0,0,1
BB1_009,BB2_005,BB3_003,0,10,2
BB1_005,BB2_001,BB3_003,34,9,2
BB1_002,BB2_002,BB3_001,31,10,5
BB1_003,BB2_010,BB3_010,0,1,1
BB1_001,BB2_001,BB3_003,13,47,5
BB1_002,BB2_006,BB3_008,0,1,1
BB1_005,BB2_001,BB3_008,6,5,0
BB1_003,BB2_003,BB3_012,3,10,1
BB1_004,BB2_011,BB3_001,5,12,7
BB1_005,BB2_010,BB3_005,0,0,0
BB1_003,BB2_012,BB3_005,2,1,1
BB1_010,BB2_007,BB3_005,4,1,1
BB1_003,BB2_001,BB3_004,0,0,0
BB1_005,BB2_005,BB3_009,0,4,0
BB1_007,BB2_010,BB3_012,12,10,8
BB1_009,BB2_010,BB3_005,0,0,3
BB1_001,BB2_008,BB3_002,14,19,0
BB1_008,BB2_008,BB3_006,0,0,1
BB1_004,BB2_010,BB3_003,3,8,2
BB1_007,BB2_003,BB3_011,1,0,0
BB1_002,BB2_002,BB3_002,6,7,8
BB1_009,BB2_005,BB3_006,1,1,4
BB1_001,BB2_007,BB3_001,1,4,3
BB1_001,BB2_006,BB3_008,4,1,5
BB1_004,BB2_001,BB3_012,43,46,8
BB1_010,BB2_012,BB3_011,0,13,4
BB1_006,BB2_002,BB3_001,19,25,2
BB1_003,BB2_008,BB3_003,3,3,5
BB1_005,BB2_006,BB3_012,3,3,4
BB1_010,BB2_009,BB3_010,0,2,0
BB1_001,BB2_008,BB3_010,2,3,2
BB1_006,BB2_008,BB3_012,1,2,0
BB1_003,BB2_006,BB3_003,3,3,2
BB1_001,BB2_007,BB3_002,24,20,1
BB1_001,BB2_005,BB3_011,3,0,1
BB1_003,BB2_011,BB3_012,3,0,3
BB1_002,BB2_001,BB3_004,0,0,0
BB1_008,BB2_005,BB3_002,2,3,1
BB1_010,BB2_007,BB3_007,4,0,8
BB1_010,BB2_005,BB3_001,1,0,0
BB1_001,BB2_005,BB3_004,47,34,4
BB1_002,BB2_005,BB3_009,1,1,4
BB1_005,BB2_004,BB3_010,0,0,0
BB1_010,BB2_004,BB3_012,2,1,1
BB1_006,BB2_002,BB3_006,23,44,3
BB1_008,BB2_010,BB3_006,0,2,0
BB1_010,BB2_007,BB3_008,0,0,0
